id_noticia,fuente,url,categoria_busqueda
N001,BioBioChile,https://www.biobiochile.cl/noticias/nacional/region-metropolitana/2026/09/23/acribillado-cuando-llegaba-a-su-casa-asi-fue-el-asesinato-de-el-poroto-lider-narco-en-lo-espejo.shtml
N002,Chicureo Hoy,https://www.chicureohoy.cl/actualidad/detienen-a-segundo-involucrado-en-homicidio-de-carabinero-en-renca/
N003,El Informador Chile,https://www.elinformadorchile.cl/2026/09/24/jorge-ugalde-seguira-en-prision-preventiva-por-triple-homicidio-en-la-reina-ocurrido-el-2025/
N004,The Clinic,https://www.theclinic.cl/2026/09/24/migraciones-gasto-26-millones-en-la-expulsion-de-un-ciudadano-chino-condenado-por-trafico-de-drogas-en-chile-viajo-con-dos-escoltas/
N005,elobservatodo.cl,https://www.elobservatodo.cl/noticia/sociedad/dos-exfuncionarios-de-la-pdi-son-condenados-15-anos-de-carcel-por-trafico-de-drogas
N006,Teletrece,https://www.t13.cl/noticia/nacional/camilo-huerta-detenido-por-pdi-aeropuerto-santiago-entrego-unica-declaracion-17-8-2026
N007,EL PAÍS,https://elpais.com/chile/2026-07-22/detenido-el-panda-el-delincuente-que-estuvo-cinco-dias-profugo-por-el-homicidio-frustrado-de-dos-carabineros-en-lo-espejo.html
N008,La Tercera,https://www.latercera.com/nacional/noticia/detienen-a-segundo-adolescente-implicado-en-homicidio-de-menor-en-liceo-de-san-bernardo-seria-el-autor-del-ataque-con-arma-blanca/
N009,Gobierno de Chile,https://www.gob.cl/noticias/muralla-oriental-policia-logra-desarticular-organizacion-criminal-de-origen-chino/
N010,Chilevisión,https://www.chilevision.cl/noticias/nacional/18-detenidos-en-operacion-tokio-desarticulan-estructura-de-lavado-de-activos-del-tren-de-aragua-que-supera-los-78-mil-millones/
N011,BioBioChile,https://www.biobiochile.cl/noticias/nacional/region-metropolitana/2026/07/15/desbaratan-mayor-banda-criminal-dedicada-al-trafico-de-armas-en-el-pais-hay-mas-de-40-detenidos.shtml
N012,La Tercera,https://www.latercera.com/nacional/noticia/detienen-a-el-billete-y-al-luchito-del-34-miembros-de-banda-ligada-a-secuestro-y-homicidio-en-la-zona-sur-de-santiago/
N013,BioBioChile,https://www.biobiochile.cl/noticias/nacional/region-metropolitana/2025/12/12/dos-detenidos-en-pudahuel-por-porte-de-armas-rifles-con-mira-telescopica-y-droga.shtml
N014,ADN Radio,https://www.adnradio.cl/2026/09/23/413-kilos-de-droga-y-casi-8-mil-millones-desarticulan-organizacion-dedicada-al-trafico-en-la-region-metropolitana/
N015,La Tercera,https://www.latercera.com/nacional/noticia/pdi-incauta-mas-de-800-kilos-de-cannabis-en-operativo-contra-estructura-criminal-en-la-region-metropolitana/
N016,La Tercera,https://www.latercera.com/la-tercera-domingo/noticia/hegemonia-a-sangre-y-fuego-la-caida-de-los-trinitarios-la-banda-que-domino-la-toma-mas-grande-de-santiago/OREVKTXEFBGHRKRFSGX36DPR5M/
N017,Canal 9 Bío Bío Televisión,https://www.canal9.cl/episodios/2026/09/23/desbaratan-clan-familiar-narco-liderado-desde-carcel-indagan-delfines-en-sus-413-kilos-de-cocaina
N018,Teletrece,https://www.t13.cl/noticia/reportajes-teletrece/detienen-por-trafico-familiar-pareja-jugador-carlos-palacios
N019,Teletrece,https://www.t13.cl/noticia/nacional/los-4-fantasticos-quienes-son-miembros-del-primer-cartel-narco-chile-se-vinculo-17-8-2026
N020,La Tercera,https://www.latercera.com/nacional/noticia/dos-miembros-del-tren-de-aragua-son-condenados-a-30-y-10-anos-de-carcel-por-control-de-comercio-sexual-en-santiago/
N021,Teletrece,https://www.t13.cl/noticia/nacional/detienen-cuatro-integrantes-del-tren-aragua-por-secuestros-homicidio-11-7-2026
N022,infobae.com,https://www.infobae.com/america/america-latina/2026/03/04/desbarataron-en-chile-una-banda-dedicada-al-lavado-de-dinero-lograron-enviar-a-colombia-mas-de-usd-93-millones/
N023,BioBioChile,https://www.biobiochile.cl/noticias/nacional/region-metropolitana/2026/03/25/fiscalia-ecoh-investiga-homicidios-en-cerro-navia-y-recoleta-victimas-fueron-baleadas-en-la-cabeza.shtml
N024,fiscaliadechile.cl,https://www.fiscaliadechile.cl/actualidad/noticias/nacionales/ecoh-prision-preventiva-para-extraditado-de-eeuu-por-integrar
N025,sabes.cl,https://sabes.cl/2026/09/17/cae-menor-de-edad-implicado-en-homicidio-de-conductor-de-aplicacion-de-transporte-en-la-region-metropolitana/
N026,fiscaliadechile.cl,https://www.fiscaliadechile.cl/actualidad/noticias/regionales/ecoh-rm-prision-preventiva-para-imputado-por-triple-homicidio-en
N027,Radio Agricultura,https://www.radioagricultura.cl/noticias/nacional/detienen-a-presunto-autor-de-homicidio-de-ciudadano-ecuatoriano-en-santiago_20260605/
N028,BioBioChile,https://www.biobiochile.cl/noticias/nacional/region-metropolitana/2026/07/12/prision-preventiva-para-cuatro-venezolanos-vinculados-al-tren-de-aragua-por-secuestros-y-homicidio.shtml
N029,EL PAÍS,https://elpais.com/chile/2026-08-19/imperio-amsterdam-como-operaba-la-red-acusada-de-usar-dispensarios-de-cannabis-medicinal-para-traficar-marihuana-en-chile.html
N030,Teletrece,https://www.t13.cl/noticia/nacional/la-conexion-entre-asesinatos-del-pajaro-poroto-indagan-tras-crimen-lo-espejo-28-9-2026
N031,Teletrece,https://www.t13.cl/noticia/nacional/quienes-son-espartanos-banda-criminal-instalada-persa-biobio-5-5-2025